<xml>
    <header>
        <start_date>2019/01/01</start_date>
        <end_date>2019/01/31</end_date>
		<page>January Orders</page>
    </header>
    <order id="23221" >
        <client_id>69</client_id>
        <client>Dipson Shahi</client>
        <date>2019/01/04</date>
        <discount_price>100</discount_price>
        <details>
            <line product_id="05" >
                <description>Shilucheng Bed Sheets</description>
                <color>Ivory</color>
                <price>45</price>
                <units>200</units>
            </line>
        </details>
    </order>
    <order id="23225" >
        <client_id>68</client_id>
        <client>Saugat Shahi</client>
        <date>2019/01/25</date>
        <discount_price>69</discount_price>
        <details>
            <line product_id="40" >
                <description>Anker 24W Dual USB Car Charger</description>
                <color>Black</color>
                <price>8</price>
                <units>10</units>
            </line>
        </details>
    </order>
</xml>