<xml>
    <header>
        <start_date>2019/09/23</start_date>
        <end_date>2019/10/10</end_date>
		<page>Sep-Oct Orders</page>
    </header>
    <order id="36987" >
        <client_id>82</client_id>
        <client>Aavash Shrestha</client>
        <date>2019/10/04</date>
        <discount_price>25</discount_price>
        <details>
            <line product_id="72" >
                <description>Nintendo Switch Lite - Gray</description>
                <color>Gray</color>
                <price>240</price>
                <units>1</units>
            </line>
        </details>
    </order>
    <order id="36990" >
        <client_id>83</client_id>
        <client>Sijan Dev</client>
        <date>2019/10/04</date>
        <discount_price>50</discount_price>
        <details>
            <line product_id="72" >
                <description>Nintendo Switch Lite - Gray</description>
                <color>Coral</color>
                <price>240</price>
                <units>1</units>
            </line>
        </details>
    </order>
</xml>