<xml>
    <header>
        <start_date>2019/04/04</start_date>
        <end_date>2019/10/13</end_date>
		<page>Jan-October Orders</page>
    </header>
    <order id="25636" >
        <client_id>69</client_id>
        <client>Dipson Shahi</client>
        <date>2019/04/04</date>
        <discount_price>10</discount_price>
        <details>
            <line product_id="25" >
                <description>CamelBak Eddy+ BPA Free Water Bottle</description>
                <color>Deep Magenta</color>
                <price>89</price>
                <units>3</units>
            </line>
            <line product_id="200" >
                <description>Calvin Klein Men's Dress Shirt Slim Fit Non-Iron Herringbone</description>
                <color>Mist</color>
                <price>90</price>
                <units>1</units>
            </line>
        </details>
    </order>
    <order id="26852" >
        <client_id>96</client_id>
        <client>Suraj Singh</client>
        <date>2019/08/04</date>
        <discount_price>0</discount_price>
        <details>
            <line product_id="30" >
                <description>Instant Pot Duo Plus Mini 9-in-1 Electric Pressure Cooker</description>
                <color>Black</color>
                <price>79</price>
                <units>1</units>
            </line>
            <line product_id="81" >
                <description>KEEN Utility Men's Kanteen Oxford</description>
                <color>Brown</color>
                <price>97.6</price>
                <units>3</units>
            </line>
        </details>
    </order>
    <order id="28851" >
        <client_id>68</client_id>
        <client>Saugat Shahi</client>
        <date>2019/10/13</date>
        <discount_price>10</discount_price>
        <details>
            <line product_id="30" >
                <description>Instant Pot Duo Plus Mini 9-in-1 Electric Pressure Cooker</description>
                <color>Black</color>
                <price>79</price>
                <units>1</units>
            </line>
        </details>
    </order>
    <order id="30631" >
        <client_id>69</client_id>
        <client>Dipson Shahi</client>
        <date>2019/10/13</date>
        <discount_price>50</discount_price>
        <details>
            <line product_id="28" >
                <description>Trianium (3 Packs) Screen Protector</description>
                <color>Transparent</color>
                <price>11.89</price>
                <units>3</units>
            </line>
            <line product_id="69" >
                <description>Luxe Weavers Silver 5x7 Oriental Area Rug</description>
                <color>Red</color>
                <price>68</price>
                <units>1</units>
            </line>
        </details>
    </order> 
</xml>